iter	MultiClass
0	6.141064734
1	6.002947641
2	5.907466117
3	5.81851069
4	5.716145459
5	5.646928462
6	5.578350614
7	5.515331648
